{"total":{"bid":23395.72,"ask":9900,"bid_vol":43910.658999917,"bid_money":40181778.182039,"bid_count":3574,"ask_vol":1117.438440507,"ask_money":61363293.919421,"ask_count":2175},"LOC":{"bid":23395.72,"ask":9900,"bid_vol":267.05370609719,"bid_money":4586774,"bid_count":42,"ask_vol":37.84546464125,"ask_money":765703.84,"ask_count":53},"NEG":{"bid":17705.03,"ask":17829.29,"bid_vol":23.38311465,"bid_money":380841.83356374,"bid_count":136,"ask_vol":17.21139934,"ask_money":335675.60239171,"ask_count":57},"FOX":{"bid":17695,"ask":17760,"bid_vol":24691.60285354,"bid_money":12966291.254831,"bid_count":2127,"ask_vol":623.97010462,"ask_money":40461257.223903,"ask_count":1383},"ARN":{"bid":17300,"ask":17959,"bid_vol":7.8259,"bid_money":41488.714307,"bid_count":27,"ask_vol":12.778,"ask_money":234189.29066,"ask_count":16},"MBT":{"bid":17160.02,"ask":17298.96,"bid_vol":16742.98338039,"bid_money":19007490.450535,"bid_count":852,"ask_vol":351.53379298,"ask_money":18185357.118692,"ask_count":538},"B2U":{"bid":17131,"ask":17291,"bid_vol":2177.8100452398,"bid_money":3198891.9288014,"bid_count":390,"ask_vol":74.099678925796,"ask_money":1381110.843774,"ask_count":128}}