{"timestamp":{"total":1508432477,"exchanges":{"NEG":1508431491,"MBT":1508432294,"LOC":1508431025,"FOX":1508432357,"B2U":1508425245,"ARN":1508428869}},"ticker_24h":{"total":{"last":17553.551282169,"high":82720.59,"low":15001.02,"vol":996.03755760993,"vwap":17397.241339101,"money":17328305.772548,"trades":9413},"exchanges":{"ARN":{"last":17300,"open":17400,"high":18108.99,"low":17300,"vol":17.5238,"vwap":17885.299749141,"money":313418.415744,"trades":33},"B2U":{"last":17120,"open":16900,"high":17349,"low":16422.02,"vol":123.69050872993,"vwap":16933.130136118,"money":2094467.4809266,"trades":1118},"FOX":{"last":17759.99,"open":17297,"high":17800,"low":17270.08,"vol":508.87420591,"vwap":17596.035655356,"money":8954168.6712831,"trades":3631},"LOC":{"last":18356.64,"open":20713.04,"high":82720.59,"low":15001.02,"vol":16.13444504,"vwap":17854.82979977,"money":288077.77010294,"trades":126},"MBT":{"last":17298.944,"open":17040.79447,"high":17390,"low":16900,"vol":280.77830543,"vwap":17123.596352628,"money":4807934.3667582,"trades":4314},"NEG":{"last":17705.03,"open":17665,"high":17950.98,"low":17410.05,"vol":49.0362925,"vwap":17746.83654425,"money":870239.06773352,"trades":191}}},"ticker_12h":{"total":{"last":17543.667692304,"high":33144.63,"low":16740,"vol":490.88070525191,"vwap":17467.331724036,"money":8574376.1155636,"trades":4568},"exchanges":{"ARN":{"last":17300,"open":18099.98,"high":18108.98,"low":17300,"vol":0.222,"vwap":18000.546594595,"money":3996.121344,"trades":3},"B2U":{"last":17120,"open":16741.33,"high":17349,"low":16740,"vol":72.423267251909,"vwap":17057.324572534,"money":1235347.1761192,"trades":717},"FOX":{"last":17759.99,"open":17649.97,"high":17800,"low":17570.02,"vol":242.11905993,"vwap":17703.746101059,"money":4286414.3632279,"trades":1749},"LOC":{"last":18356.64,"open":18071.89,"high":33144.63,"low":16758.71,"vol":6.58290526,"vwap":18193.956172439,"money":119769.08978776,"trades":57},"MBT":{"last":17298.944,"open":17109.99999,"high":17390,"low":16900,"vol":139.53888491,"vwap":17168.889543103,"money":2395727.7019876,"trades":1945},"NEG":{"last":17705.03,"open":17620.01,"high":17950.98,"low":17620.01,"vol":29.9945879,"vwap":17773.928579201,"money":533121.66309716,"trades":97}}},"ticker_1h":{"total":{"last":17671.170098828,"high":18356.64,"low":17160,"vol":40.36119373,"vwap":17613.347744575,"money":710895.74055266,"trades":414},"exchanges":{"FOX":{"last":17759.99,"open":17723,"high":17759.99,"low":17673,"vol":31.55730953,"vwap":17708.781037579,"money":558841.48460187,"trades":180},"LOC":{"last":18356.64,"open":18029.55,"high":18356.64,"low":17692.34,"vol":0.12058212,"vwap":17893.532766199,"money":2157.6401152377,"trades":3},"MBT":{"last":17298.944,"open":17211,"high":17300,"low":17160,"vol":8.03243641,"vwap":17226.590923607,"money":138371.49615496,"trades":222},"NEG":{"last":17705.03,"open":17705,"high":17829.29,"low":17704,"vol":0.65086567,"vwap":17707.370678501,"money":11525.119680601,"trades":9}}},"rates":{"USDCBRL":3.1733,"USDTBRL":3.35}}